{"branches": 69.23076923076923, "coverage": 83.97565922920892}