{"branches": 69.23076923076923, "coverage": 93.50912778904666}