{"branches": 69.23076923076923, "coverage": 85.17823639774859}