{"branches": 69.23076923076923, "coverage": 93.77431906614785}